order_id,timestamp,product_category,product_name,quantity,unit_price,total_amount,customer_id,payment_method,shipping_country,discount_applied,discount_percentage
ORD-10001,2024-05-20 12:47:06,Clothing,Dress Shirt,9,52.59,473.31,CUST-10109,Gift Card,Germany,TRUE,10
ORD-10002,2024-04-21 10:35:12,Clothing,Dress Shirt,9,215.55,1939.95,CUST-10115,Credit Card,USA,FALSE,0
ORD-10003,2024-01-04 05:44:27,Electronics,USB-C Cable,5,86.17,430.85,CUST-10196,Debit Card,UK,FALSE,0
ORD-10004,2024-02-17 18:54:22,Sports,Resistance Bands,5,405.48,2027.4,CUST-10187,Credit Card,Japan,FALSE,0
ORD-10005,2024-03-04 12:05:35,Books,Novel Bestseller,10,443.86,4438.6,CUST-10093,Credit Card,USA,FALSE,0
ORD-10006,2024-12-26 13:49:18,Electronics,Laptop Pro 15,4,434.57,1738.28,CUST-10098,Credit Card,Canada,TRUE,45
ORD-10007,2024-07-05 18:13:42,Clothing,Hoodie Classic,2,308.46,616.92,CUST-10044,Credit Card,UK,FALSE,0
ORD-10008,2024-05-05 19:17:59,Electronics,Smartphone X,9,117.6,1058.4,CUST-10084,Credit Card,USA,FALSE,0
ORD-10009,2024-01-29 10:51:20,Clothing,Running Shoes,5,42.42,212.1,CUST-10146,PayPal,USA,FALSE,0
ORD-10010,2024-06-10 20:25:56,Clothing,Dress Shirt,8,80,640,CUST-10036,Credit Card,USA,TRUE,40
ORD-10011,2024-10-02 19:57:37,Home & Garden,Vacuum Cleaner,6,117.46,704.76,CUST-10036,Credit Card,USA,FALSE,0
ORD-10012,2024-02-16 03:09:40,Toys,Board Game,7,302.23,2115.61,CUST-10099,Gift Card,France,FALSE,0
ORD-10013,2024-08-27 17:55:00,Electronics,Smartphone X,2,344.03,688.06,CUST-10138,Credit Card,UK,FALSE,0
ORD-10014,2024-11-24 14:27:10,Clothing,Running Shoes,1,477.36,477.36,CUST-10185,Credit Card,USA,TRUE,37
ORD-10015,2024-04-01 03:55:40,Electronics,USB-C Cable,9,308.39,2775.51,CUST-10040,Debit Card,USA,FALSE,0
ORD-10016,2024-03-23 16:58:00,Home & Garden,Coffee Maker,6,249.41,1496.46,CUST-10029,Credit Card,Canada,FALSE,0
ORD-10017,2024-06-06 13:56:36,Clothing,T-Shirt Cotton,2,368.62,737.24,CUST-10018,Credit Card,Japan,FALSE,0
ORD-10018,2024-09-29 04:42:30,Sports,Resistance Bands,3,139.87,419.61,CUST-10156,Debit Card,France,FALSE,0
ORD-10019,2024-04-18 23:44:12,Clothing,Dress Shirt,5,205.5,1027.5,CUST-10172,Debit Card,USA,FALSE,0
ORD-10020,2024-08-12 14:07:15,Electronics,Wireless Mouse,2,175.65,351.3,CUST-10151,Credit Card,USA,FALSE,0
ORD-10021,2024-10-28 11:45:40,Clothing,T-Shirt Cotton,4,43.02,172.08,CUST-10009,Credit Card,France,FALSE,0
ORD-10022,2024-02-06 08:42:31,Clothing,Jeans Slim Fit,9,74.82,673.38,CUST-10147,Credit Card,Canada,FALSE,0
ORD-10023,2024-05-04 13:12:06,Electronics,Laptop Pro 15,7,183.6,1285.2,CUST-10106,Debit Card,USA,FALSE,0
ORD-10024,2024-01-28 20:06:03,Toys,Puzzle 1000pc,6,402.28,2413.68,CUST-10028,PayPal,USA,TRUE,17
ORD-10025,2024-10-01 13:11:17,Electronics,4K Monitor,4,438.49,1753.96,CUST-10020,Debit Card,Germany,FALSE,0
ORD-10026,2024-10-08 21:53:00,Sports,Yoga Mat,4,91.48,365.92,CUST-10125,PayPal,USA,FALSE,0
ORD-10027,2024-07-24 05:24:00,Clothing,Running Shoes,5,463.98,2319.9,CUST-10201,Credit Card,France,FALSE,0
ORD-10028,2024-08-04 23:50:35,Home & Garden,Vacuum Cleaner,3,103.04,309.12,CUST-10056,Credit Card,USA,FALSE,0
ORD-10029,2024-10-23 01:47:20,Electronics,Laptop Pro 15,1,296.24,296.24,CUST-10129,Credit Card,Germany,FALSE,0
ORD-10030,2024-09-28 21:05:54,Home & Garden,Garden Tools Set,2,301.56,603.12,CUST-10173,Debit Card,USA,FALSE,0
ORD-10031,2024-07-25 13:37:38,Electronics,Laptop Pro 15,10,50.16,501.6,CUST-10169,PayPal,Germany,FALSE,0
ORD-10032,2024-09-24 14:13:42,Clothing,Dress Shirt,6,126.95,761.7,CUST-10102,PayPal,USA,TRUE,46
ORD-10033,2024-06-02 02:00:29,Clothing,Winter Jacket,10,498.08,4980.8,CUST-10019,Credit Card,USA,FALSE,0
ORD-10034,2024-09-16 18:56:04,Electronics,Wireless Mouse,6,149.63,897.78,CUST-10113,Credit Card,UK,FALSE,0
ORD-10035,2024-12-26 21:00:42,Electronics,Tablet Ultra,9,156.69,1410.21,CUST-10170,Credit Card,Australia,TRUE,13
ORD-10036,2024-05-15 11:47:35,Electronics,Wireless Mouse,5,148.05,740.25,CUST-10054,Credit Card,Germany,FALSE,0
ORD-10037,2024-04-14 08:32:31,Electronics,USB-C Cable,1,55.22,55.22,CUST-10109,Credit Card,USA,FALSE,0
ORD-10038,2024-01-23 12:40:16,Electronics,Wireless Mouse,8,280.31,2242.48,CUST-10110,Debit Card,France,FALSE,0
ORD-10039,2024-02-27 12:34:02,Home & Garden,LED Lamp,10,280.73,2807.3,CUST-10111,Debit Card,France,TRUE,24
ORD-10040,2024-07-05 01:57:22,Electronics,Wireless Mouse,4,336.79,1347.16,CUST-10091,Debit Card,Canada,FALSE,0
ORD-10041,2024-07-27 23:09:59,Books,Data Science Guide,3,488.33,1464.99,CUST-10046,Debit Card,USA,FALSE,0
ORD-10042,2024-01-13 18:50:59,Electronics,4K Monitor,4,140.72,562.88,CUST-10202,Credit Card,USA,FALSE,0
ORD-10043,2024-07-14 15:14:12,Books,Cookbook Deluxe,6,159.53,957.18,CUST-10059,Debit Card,USA,TRUE,47
ORD-10044,2024-04-08 14:55:04,Clothing,Hoodie Classic,6,324.32,1945.92,CUST-10103,Credit Card,USA,FALSE,0
ORD-10045,2024-10-01 10:07:56,Electronics,USB-C Cable,3,294.48,883.44,CUST-10068,Credit Card,Australia,TRUE,43
ORD-10046,2024-08-10 18:27:38,Electronics,Bluetooth Speaker,2,198.74,397.48,CUST-10148,Credit Card,Germany,TRUE,7
ORD-10047,2024-12-28 16:59:51,Clothing,Winter Jacket,4,188.46,753.84,CUST-10018,Gift Card,Japan,FALSE,0
ORD-10048,2024-06-18 21:54:07,Electronics,Smartphone X,5,258.48,1292.4,CUST-10171,Credit Card,USA,FALSE,0
ORD-10049,2024-07-25 17:08:12,Electronics,4K Monitor,7,341.88,2393.16,CUST-10045,Credit Card,UK,FALSE,0
ORD-10050,2024-06-03 00:19:18,Clothing,Jeans Slim Fit,7,395.01,2765.07,CUST-10156,Credit Card,USA,FALSE,0
ORD-10051,2024-08-26 21:13:32,Toys,Puzzle 1000pc,3,332.83,998.49,CUST-10073,Credit Card,USA,FALSE,0
ORD-10052,2024-11-20 02:52:48,Clothing,Jeans Slim Fit,5,120.06,600.3,CUST-10051,Gift Card,USA,TRUE,7
ORD-10053,2024-05-05 19:54:49,Home & Garden,Kitchen Blender,8,213.07,1704.56,CUST-10162,PayPal,USA,FALSE,0
ORD-10054,2024-12-22 19:15:09,Sports,Yoga Mat,2,391.42,782.84,CUST-10057,Credit Card,UK,TRUE,49
ORD-10055,2024-09-22 17:15:58,Home & Garden,Kitchen Blender,8,75.33,602.64,CUST-10119,Credit Card,USA,FALSE,0
ORD-10056,2024-10-13 14:39:52,Books,Cookbook Deluxe,9,228.49,2056.41,CUST-10041,Credit Card,USA,FALSE,0
ORD-10057,2024-08-31 07:53:40,Electronics,USB-C Cable,9,247.44,2226.96,CUST-10062,Credit Card,UK,TRUE,9
ORD-10058,2024-05-26 18:20:57,Electronics,Bluetooth Speaker,2,77.79,155.58,CUST-10060,Credit Card,USA,FALSE,0
ORD-10059,2024-03-19 02:26:26,Home & Garden,LED Lamp,9,238.29,2144.61,CUST-10016,Credit Card,UK,TRUE,31
ORD-10060,2024-07-18 18:44:01,Clothing,Winter Jacket,7,243.71,1705.97,CUST-10091,Debit Card,USA,TRUE,29
ORD-10061,2024-08-02 23:34:51,Electronics,Bluetooth Speaker,4,249.22,996.88,CUST-10070,Credit Card,Australia,FALSE,0
ORD-10062,2024-01-15 19:46:10,Books,Cookbook Deluxe,3,490.54,1471.62,CUST-10137,Credit Card,UK,TRUE,30
ORD-10063,2024-10-30 00:05:41,Books,Cookbook Deluxe,3,434.75,1304.25,CUST-10047,Credit Card,Canada,TRUE,29
ORD-10064,2024-06-16 18:21:48,Electronics,4K Monitor,5,378.47,1892.35,CUST-10108,Credit Card,France,TRUE,10
ORD-10065,2024-08-28 21:03:22,Toys,Board Game,2,392.79,785.58,CUST-10167,PayPal,USA,TRUE,6
ORD-10066,2024-05-06 10:39:09,Electronics,Wireless Mouse,3,242.03,726.09,CUST-10030,PayPal,France,FALSE,0
ORD-10067,2024-04-21 08:49:23,Books,Data Science Guide,10,307.54,3075.4,CUST-10192,PayPal,UK,FALSE,0
ORD-10068,2024-03-24 03:37:01,Electronics,USB-C Cable,10,341.89,3418.9,CUST-10097,Credit Card,France,FALSE,0
ORD-10069,2024-04-11 13:06:44,Home & Garden,LED Lamp,10,404.7,4047,CUST-10145,Credit Card,USA,FALSE,0
ORD-10070,2024-06-26 21:23:04,Home & Garden,Coffee Maker,6,16.19,97.14,CUST-10108,Credit Card,USA,FALSE,0
ORD-10071,2024-02-24 11:40:57,Clothing,Running Shoes,3,223.38,670.14,CUST-10188,PayPal,UK,FALSE,0
ORD-10072,2024-11-29 21:49:30,Electronics,4K Monitor,7,414.6,2902.2,CUST-10152,PayPal,USA,TRUE,20
ORD-10073,2024-02-14 20:15:48,Electronics,4K Monitor,10,309.05,3090.5,CUST-10098,PayPal,UK,FALSE,0
ORD-10074,2024-09-10 05:31:13,Books,Novel Bestseller,5,176.76,883.8,CUST-10153,PayPal,Canada,FALSE,0
ORD-10075,2024-05-21 16:12:05,Electronics,Wireless Mouse,7,249.39,1745.73,CUST-10195,Credit Card,USA,TRUE,35
ORD-10076,2024-11-26 14:50:01,Electronics,Laptop Pro 15,5,118.57,592.85,CUST-10178,Gift Card,USA,TRUE,47
ORD-10077,2024-10-24 21:33:22,Books,Cookbook Deluxe,9,172.08,1548.72,CUST-10180,PayPal,Germany,FALSE,0
ORD-10078,2024-06-05 11:46:12,Clothing,Hoodie Classic,2,374,748,CUST-10196,Credit Card,USA,FALSE,0
ORD-10079,2024-04-08 20:17:46,Electronics,Bluetooth Speaker,9,302.42,2721.78,CUST-10026,PayPal,USA,FALSE,0
ORD-10080,2024-05-31 12:19:00,Electronics,Smartphone X,9,72.02,648.18,CUST-10012,PayPal,USA,FALSE,0
ORD-10081,2024-10-10 12:40:55,Toys,Puzzle 1000pc,2,437.62,875.24,CUST-10147,Gift Card,Australia,TRUE,35
ORD-10082,2024-08-13 10:16:55,Clothing,Running Shoes,2,412.83,825.66,CUST-10103,Credit Card,Australia,FALSE,0
ORD-10083,2024-10-22 01:09:09,Clothing,Winter Jacket,5,51.73,258.65,CUST-10064,Gift Card,Japan,TRUE,31
ORD-10084,2024-11-06 19:14:49,Books,Cookbook Deluxe,8,455.16,3641.28,CUST-10077,Credit Card,USA,FALSE,0
ORD-10085,2024-08-07 10:39:47,Books,Python Programming,4,316.49,1265.96,CUST-10068,Credit Card,USA,FALSE,0
ORD-10086,2024-03-21 21:04:10,Clothing,T-Shirt Cotton,7,230.74,1615.18,CUST-10153,Debit Card,UK,FALSE,0
ORD-10087,2024-01-17 14:44:55,Clothing,Running Shoes,2,346.81,693.62,CUST-10068,Credit Card,UK,FALSE,0
ORD-10088,2024-11-16 06:27:07,Toys,Remote Car,4,327.33,1309.32,CUST-10069,Credit Card,Canada,FALSE,0
ORD-10089,2024-02-06 14:38:47,Books,Novel Bestseller,8,70.92,567.36,CUST-10177,PayPal,UK,FALSE,0
ORD-10090,2024-07-25 16:34:31,Sports,Basketball,2,303.03,606.06,CUST-10111,Credit Card,USA,FALSE,0
ORD-10091,2024-11-05 11:14:43,Books,Python Programming,5,292.35,1461.75,CUST-10196,Debit Card,France,FALSE,0
ORD-10092,2024-08-28 14:58:17,Toys,Board Game,10,223.57,2235.7,CUST-10126,Credit Card,Canada,FALSE,0
ORD-10093,2024-08-28 18:20:42,Sports,Yoga Mat,3,171.59,514.77,CUST-10178,PayPal,Germany,FALSE,0
ORD-10094,2024-12-05 17:02:29,Sports,Yoga Mat,6,133.67,802.02,CUST-10030,Debit Card,USA,FALSE,0
ORD-10095,2024-07-25 00:42:55,Clothing,Winter Jacket,8,212.48,1699.84,CUST-10049,Credit Card,Canada,FALSE,0
ORD-10096,2024-11-14 20:28:48,Electronics,Laptop Pro 15,4,140.85,563.4,CUST-10034,Credit Card,Canada,FALSE,0
ORD-10097,2024-08-12 15:07:01,Electronics,Smartphone X,10,401.65,4016.5,CUST-10182,Credit Card,USA,TRUE,40
ORD-10098,2024-01-08 02:14:53,Electronics,Laptop Pro 15,8,474.05,3792.4,CUST-10166,Debit Card,USA,FALSE,0
ORD-10099,2024-09-12 09:32:45,Electronics,USB-C Cable,7,419,2933,CUST-10121,Credit Card,Germany,TRUE,40
ORD-10100,2024-03-15 21:47:56,Electronics,Wireless Mouse,2,145.35,290.7,CUST-10203,PayPal,USA,FALSE,0
ORD-10101,2024-06-23 16:17:52,Electronics,Laptop Pro 15,5,365.75,1828.75,CUST-10151,Credit Card,Canada,FALSE,0
ORD-10102,2024-12-03 04:28:34,Home & Garden,Vacuum Cleaner,6,172.89,1037.34,CUST-10196,PayPal,Japan,FALSE,0
ORD-10103,2024-08-21 06:44:15,Clothing,Winter Jacket,7,124.44,871.08,CUST-10199,Credit Card,Germany,FALSE,0
ORD-10104,2024-06-11 22:58:51,Electronics,4K Monitor,7,494.31,3460.17,CUST-10203,Credit Card,USA,FALSE,0
ORD-10105,2024-03-18 01:08:32,Electronics,Bluetooth Speaker,6,436.14,2616.84,CUST-10113,Gift Card,France,TRUE,34
ORD-10106,2024-01-08 13:55:41,Home & Garden,Garden Tools Set,2,240.04,480.08,CUST-10068,Credit Card,USA,FALSE,0
ORD-10107,2024-12-20 11:54:21,Electronics,Tablet Ultra,9,196.19,1765.71,CUST-10082,Credit Card,Canada,FALSE,0
ORD-10108,2024-09-06 01:39:04,Sports,Dumbbells Set,5,498.73,2493.65,CUST-10192,PayPal,USA,TRUE,11
ORD-10109,2024-11-20 03:28:10,Toys,Action Figure,1,32.53,32.53,CUST-10015,PayPal,Canada,TRUE,28
ORD-10110,2024-08-08 21:26:36,Home & Garden,Garden Tools Set,3,95.77,287.31,CUST-10157,Credit Card,USA,FALSE,0
ORD-10111,2024-11-13 15:58:37,Clothing,Jeans Slim Fit,4,235.95,943.8,CUST-10066,PayPal,USA,FALSE,0
ORD-10112,2024-12-07 20:57:18,Electronics,Smartphone X,9,87.4,786.6,CUST-10114,Credit Card,USA,FALSE,0
ORD-10113,2024-10-27 19:44:16,Books,Cookbook Deluxe,5,107.61,538.05,CUST-10099,PayPal,USA,FALSE,0
ORD-10114,2024-02-24 18:36:18,Electronics,Smartphone X,5,20.74,103.7,CUST-10169,Credit Card,USA,FALSE,0
ORD-10115,2024-01-05 21:49:47,Electronics,Laptop Pro 15,10,375.12,3751.2,CUST-10074,Credit Card,USA,FALSE,0
ORD-10116,2024-04-27 11:14:40,Home & Garden,Garden Tools Set,10,132.8,1328,CUST-10194,PayPal,USA,FALSE,0
ORD-10117,2024-12-03 04:40:06,Clothing,Dress Shirt,1,161.37,161.37,CUST-10113,PayPal,Canada,TRUE,28
ORD-10118,2024-03-08 14:20:47,Books,Cookbook Deluxe,3,108.38,325.14,CUST-10202,PayPal,USA,FALSE,0
ORD-10119,2024-07-06 08:53:10,Electronics,USB-C Cable,8,484.01,3872.08,CUST-10076,PayPal,USA,FALSE,0
ORD-10120,2024-06-22 14:04:09,Clothing,Jeans Slim Fit,7,483.95,3387.65,CUST-10143,Debit Card,Canada,FALSE,0
ORD-10121,2024-07-21 21:07:29,Clothing,Hoodie Classic,5,296.42,1482.1,CUST-10164,PayPal,USA,FALSE,0
ORD-10122,2024-02-25 15:01:39,Clothing,Winter Jacket,6,458.47,2750.82,CUST-10057,Debit Card,USA,FALSE,0
ORD-10123,2024-11-21 22:19:41,Toys,Puzzle 1000pc,2,78.48,156.96,CUST-10010,Debit Card,USA,FALSE,0
ORD-10124,2024-09-09 13:56:34,Electronics,Wireless Mouse,7,232.28,1625.96,CUST-10172,Credit Card,USA,FALSE,0
ORD-10125,2024-12-22 13:37:47,Electronics,Smartphone X,3,443.84,1331.52,CUST-10168,PayPal,USA,TRUE,36
ORD-10126,2024-11-11 08:02:44,Electronics,USB-C Cable,4,227.25,909,CUST-10061,Debit Card,USA,FALSE,0
ORD-10127,2024-02-20 11:34:57,Books,Novel Bestseller,1,205.08,205.08,CUST-10049,Credit Card,USA,FALSE,0
ORD-10128,2024-08-20 13:41:40,Home & Garden,Coffee Maker,1,34.77,34.77,CUST-10086,PayPal,France,TRUE,13
ORD-10129,2024-10-16 21:13:37,Sports,Dumbbells Set,4,170.98,683.92,CUST-10038,Debit Card,USA,FALSE,0
ORD-10130,2024-11-01 12:08:34,Electronics,USB-C Cable,3,63.85,191.55,CUST-10007,PayPal,France,TRUE,27
ORD-10131,2024-05-01 00:11:16,Toys,LEGO Set,3,373.43,1120.29,CUST-10135,Credit Card,USA,TRUE,9
ORD-10132,2024-08-31 11:32:37,Sports,Yoga Mat,8,256.87,2054.96,CUST-10158,Credit Card,Australia,TRUE,47
ORD-10133,2024-09-23 10:03:30,Books,Cookbook Deluxe,7,346.18,2423.26,CUST-10126,Credit Card,Germany,FALSE,0
ORD-10134,2024-08-15 11:20:38,Sports,Dumbbells Set,2,71.82,143.64,CUST-10160,Credit Card,Australia,FALSE,0
ORD-10135,2024-10-07 12:38:33,Clothing,Hoodie Classic,8,257.71,2061.68,CUST-10111,Debit Card,USA,TRUE,49
ORD-10136,2024-02-28 20:56:49,Books,Data Science Guide,7,231.25,1618.75,CUST-10059,Credit Card,USA,FALSE,0
ORD-10137,2024-08-20 11:20:27,Toys,Action Figure,5,193.4,967,CUST-10040,Credit Card,USA,FALSE,0
ORD-10138,2024-08-30 11:05:27,Toys,LEGO Set,6,407.76,2446.56,CUST-10143,Gift Card,Canada,TRUE,40
ORD-10139,2024-10-14 11:26:22,Home & Garden,Vacuum Cleaner,1,484.51,484.51,CUST-10154,Credit Card,USA,FALSE,0
ORD-10140,2024-02-23 06:09:42,Electronics,4K Monitor,4,425.15,1700.6,CUST-10090,PayPal,Germany,FALSE,0
ORD-10141,2024-07-07 14:36:14,Sports,Basketball,9,487.52,4387.68,CUST-10160,PayPal,USA,FALSE,0
ORD-10142,2024-11-25 19:59:42,Clothing,Dress Shirt,5,24.18,120.9,CUST-10070,Credit Card,Canada,FALSE,0
ORD-10143,2024-06-07 11:00:11,Clothing,Jeans Slim Fit,10,332.09,3320.9,CUST-10018,Debit Card,USA,TRUE,45
ORD-10144,2024-01-16 21:13:24,Electronics,4K Monitor,8,177.03,1416.24,CUST-10095,Credit Card,Germany,FALSE,0
ORD-10145,2024-06-15 18:38:05,Home & Garden,Kitchen Blender,3,87.12,261.36,CUST-10159,Credit Card,USA,TRUE,10
ORD-10146,2024-05-19 13:31:38,Sports,Basketball,7,143.84,1006.88,CUST-10194,Credit Card,France,FALSE,0
ORD-10147,2024-06-25 09:43:43,Sports,Resistance Bands,8,268.19,2145.52,CUST-10079,Credit Card,USA,TRUE,30
ORD-10148,2024-11-02 13:19:13,Toys,Board Game,5,151.82,759.1,CUST-10031,Credit Card,USA,TRUE,32
ORD-10149,2024-03-30 21:45:14,Books,Novel Bestseller,2,204.55,409.1,CUST-10190,Debit Card,Japan,TRUE,6
ORD-10150,2024-08-23 10:36:27,Sports,Resistance Bands,7,357.64,2503.48,CUST-10107,Credit Card,USA,TRUE,30
ORD-10151,2024-01-11 05:51:39,Sports,Basketball,6,53.17,319.02,CUST-10028,Credit Card,USA,TRUE,42
ORD-10152,2024-07-24 12:55:19,Toys,Action Figure,4,173.19,692.76,CUST-10044,Credit Card,USA,TRUE,45
ORD-10153,2024-02-28 06:57:49,Electronics,USB-C Cable,6,366.41,2198.46,CUST-10166,Credit Card,USA,FALSE,0
ORD-10154,2024-04-30 14:12:11,Electronics,Bluetooth Speaker,3,382.5,1147.5,CUST-10168,Credit Card,UK,TRUE,45
ORD-10155,2024-09-09 18:48:37,Sports,Basketball,10,325.06,3250.6,CUST-10160,Credit Card,Japan,FALSE,0
ORD-10156,2024-11-17 20:04:30,Clothing,Running Shoes,5,400.19,2000.95,CUST-10152,Credit Card,France,TRUE,37
ORD-10157,2024-02-07 20:02:03,Electronics,USB-C Cable,5,47.59,237.95,CUST-10024,Gift Card,USA,FALSE,0
ORD-10158,2024-09-16 21:50:47,Toys,LEGO Set,8,455.42,3643.36,CUST-10147,Credit Card,France,FALSE,0
ORD-10159,2024-06-13 16:09:03,Clothing,Running Shoes,2,407.36,814.72,CUST-10088,Gift Card,USA,FALSE,0
ORD-10160,2024-02-13 05:02:15,Clothing,Dress Shirt,8,495.57,3964.56,CUST-10135,Gift Card,Canada,FALSE,0
ORD-10161,2024-03-22 14:24:26,Home & Garden,LED Lamp,10,35.65,356.5,CUST-10162,PayPal,USA,FALSE,0
ORD-10162,2024-02-03 21:43:24,Home & Garden,LED Lamp,5,364.62,1823.1,CUST-10169,Credit Card,Australia,FALSE,0
ORD-10163,2024-11-04 10:05:37,Electronics,Smartphone X,3,459.2,1377.6,CUST-10080,Credit Card,Japan,FALSE,0
ORD-10164,2024-12-23 04:38:45,Books,Python Programming,5,283.86,1419.3,CUST-10165,Credit Card,UK,FALSE,0
ORD-10165,2024-03-06 23:43:58,Electronics,Bluetooth Speaker,2,326.54,653.08,CUST-10109,Credit Card,USA,FALSE,0
ORD-10166,2024-01-10 12:13:21,Clothing,Running Shoes,4,121,484,CUST-10036,Credit Card,USA,TRUE,23
ORD-10167,2024-02-21 17:53:47,Toys,Remote Car,1,334.34,334.34,CUST-10197,Gift Card,UK,FALSE,0
ORD-10168,2024-11-01 12:11:53,Clothing,Dress Shirt,10,406.42,4064.2,CUST-10043,Credit Card,France,FALSE,0
ORD-10169,2024-01-23 21:46:15,Home & Garden,Vacuum Cleaner,10,149.6,1496,CUST-10192,Credit Card,Australia,FALSE,0
ORD-10170,2024-04-29 09:51:50,Books,Cookbook Deluxe,4,190.23,760.92,CUST-10147,Debit Card,Germany,FALSE,0
ORD-10171,2024-08-24 12:32:33,Home & Garden,Vacuum Cleaner,3,410.27,1230.81,CUST-10155,Credit Card,Australia,TRUE,21
ORD-10172,2024-01-27 11:35:59,Books,Python Programming,9,427.06,3843.54,CUST-10073,Credit Card,USA,TRUE,15
ORD-10173,2024-05-19 16:09:53,Clothing,Running Shoes,2,473.73,947.46,CUST-10057,Debit Card,Japan,FALSE,0
ORD-10174,2024-06-27 13:03:25,Electronics,Bluetooth Speaker,6,125.52,753.12,CUST-10021,Credit Card,USA,FALSE,0
ORD-10175,2024-01-15 11:53:45,Toys,Action Figure,3,77.41,232.23,CUST-10074,Debit Card,France,FALSE,0
ORD-10176,2024-08-29 04:48:45,Clothing,Running Shoes,8,311.51,2492.08,CUST-10021,Credit Card,USA,TRUE,18
ORD-10177,2024-03-17 23:38:33,Electronics,4K Monitor,2,390.31,780.62,CUST-10061,Debit Card,France,FALSE,0
ORD-10178,2024-01-25 20:04:07,Toys,Puzzle 1000pc,10,272.66,2726.6,CUST-10162,Gift Card,Canada,FALSE,0
ORD-10179,2024-05-03 09:27:00,Sports,Resistance Bands,6,127.87,767.22,CUST-10107,Debit Card,France,TRUE,47
ORD-10180,2024-02-13 11:04:33,Electronics,Bluetooth Speaker,9,395.33,3557.97,CUST-10130,Credit Card,USA,FALSE,0
ORD-10181,2024-07-18 01:40:24,Toys,Action Figure,5,376.18,1880.9,CUST-10092,PayPal,USA,FALSE,0
ORD-10182,2024-06-25 11:49:37,Home & Garden,LED Lamp,3,31.71,95.13,CUST-10140,PayPal,USA,FALSE,0
ORD-10183,2024-11-25 20:44:30,Electronics,Smartphone X,3,407.62,1222.86,CUST-10017,PayPal,Canada,FALSE,0
ORD-10184,2024-08-22 13:02:50,Sports,Dumbbells Set,1,164.63,164.63,CUST-10080,Credit Card,France,FALSE,0
ORD-10185,2024-10-05 01:48:41,Clothing,Jeans Slim Fit,5,184.91,924.55,CUST-10200,Credit Card,France,TRUE,46
ORD-10186,2024-06-18 18:27:56,Clothing,Running Shoes,8,448.36,3586.88,CUST-10099,Credit Card,USA,FALSE,0
ORD-10187,2024-04-05 15:23:59,Sports,Resistance Bands,5,402.55,2012.75,CUST-10187,PayPal,Germany,FALSE,0
ORD-10188,2024-08-08 05:34:18,Electronics,USB-C Cable,2,49.22,98.44,CUST-10170,Credit Card,USA,TRUE,33
ORD-10189,2024-11-04 05:44:28,Clothing,Hoodie Classic,8,30.74,245.92,CUST-10091,Credit Card,USA,FALSE,0
ORD-10190,2024-08-10 10:04:42,Clothing,Dress Shirt,7,188.01,1316.07,CUST-10192,Debit Card,USA,FALSE,0
ORD-10191,2024-01-16 20:02:08,Clothing,T-Shirt Cotton,4,391.46,1565.84,CUST-10094,PayPal,USA,FALSE,0
ORD-10192,2024-10-17 12:43:28,Home & Garden,LED Lamp,6,227.52,1365.12,CUST-10020,Debit Card,Australia,FALSE,0
ORD-10193,2024-09-28 18:41:17,Electronics,Wireless Mouse,2,22.69,45.38,CUST-10048,Debit Card,USA,FALSE,0
ORD-10194,2024-07-17 03:16:49,Electronics,USB-C Cable,8,115.13,921.04,CUST-10157,Credit Card,Japan,TRUE,36
ORD-10195,2024-04-12 11:28:11,Clothing,Dress Shirt,8,498.65,3989.2,CUST-10175,Credit Card,UK,FALSE,0
ORD-10196,2024-06-12 22:04:35,Electronics,Bluetooth Speaker,5,446.74,2233.7,CUST-10041,Credit Card,USA,FALSE,0
ORD-10197,2024-12-24 11:32:14,Electronics,Laptop Pro 15,4,398.1,1592.4,CUST-10061,Credit Card,USA,FALSE,0
ORD-10198,2024-01-14 18:29:51,Home & Garden,Coffee Maker,3,309.84,929.52,CUST-10023,Credit Card,USA,TRUE,30
ORD-10199,2024-09-02 13:52:36,Books,Python Programming,3,486.46,1459.38,CUST-10165,Credit Card,UK,TRUE,34
ORD-10200,2024-12-14 04:56:53,Electronics,Tablet Ultra,9,323.49,2911.41,CUST-10047,Credit Card,USA,FALSE,0
ORD-10201,2024-03-07 01:53:07,Electronics,Bluetooth Speaker,3,159.01,477.03,CUST-10042,Credit Card,USA,FALSE,0
ORD-10202,2024-12-29 21:57:18,Electronics,Tablet Ultra,2,132.79,265.58,CUST-10163,Credit Card,USA,FALSE,0
ORD-10203,2024-05-20 14:39:34,Electronics,Laptop Pro 15,9,324.07,2916.63,CUST-10152,Credit Card,Canada,FALSE,0
ORD-10204,2024-03-19 18:53:59,Home & Garden,Coffee Maker,1,414.36,414.36,CUST-10008,Credit Card,Germany,TRUE,46
ORD-10205,2024-10-22 13:49:36,Home & Garden,Vacuum Cleaner,10,323.1,3231,CUST-10128,Credit Card,France,FALSE,0
ORD-10206,2024-10-06 14:30:15,Toys,Puzzle 1000pc,5,232.23,1161.15,CUST-10177,Credit Card,USA,TRUE,33
ORD-10207,2024-07-31 06:21:38,Books,Data Science Guide,6,432.12,2592.72,CUST-10082,PayPal,USA,FALSE,0
ORD-10208,2024-06-25 04:48:23,Electronics,Bluetooth Speaker,9,62.02,558.18,CUST-10062,Credit Card,USA,FALSE,0
ORD-10209,2024-05-16 04:06:03,Home & Garden,LED Lamp,7,433.43,3034.01,CUST-10108,Credit Card,USA,TRUE,15
ORD-10210,2024-06-16 23:20:12,Sports,Dumbbells Set,8,498.02,3984.16,CUST-10120,Credit Card,USA,FALSE,0
ORD-10211,2024-06-06 02:25:32,Sports,Basketball,4,115.41,461.64,CUST-10091,Debit Card,Canada,TRUE,23
ORD-10212,2024-09-10 20:43:30,Clothing,Hoodie Classic,9,14,126,CUST-10028,Credit Card,USA,FALSE,0
ORD-10213,2024-05-15 12:23:02,Clothing,Running Shoes,1,289.43,289.43,CUST-10050,Credit Card,USA,FALSE,0
ORD-10214,2024-05-27 21:28:48,Clothing,Winter Jacket,5,414.39,2071.95,CUST-10160,Credit Card,USA,FALSE,0
ORD-10215,2024-03-01 11:25:23,Electronics,Tablet Ultra,6,283.33,1699.98,CUST-10094,Credit Card,USA,FALSE,0
ORD-10216,2024-04-11 12:32:02,Books,Python Programming,1,77.14,77.14,CUST-10086,Credit Card,UK,FALSE,0
ORD-10217,2024-09-22 19:57:32,Sports,Dumbbells Set,6,466.36,2798.16,CUST-10082,Credit Card,USA,TRUE,44
ORD-10218,2024-06-02 16:53:32,Clothing,Winter Jacket,8,357.27,2858.16,CUST-10077,Credit Card,Germany,FALSE,0
ORD-10219,2024-01-09 11:26:37,Clothing,Hoodie Classic,1,302.48,302.48,CUST-10068,Credit Card,USA,FALSE,0
ORD-10220,2024-10-23 23:03:37,Clothing,Running Shoes,3,266.86,800.58,CUST-10185,PayPal,Canada,FALSE,0
ORD-10221,2024-07-13 13:02:36,Clothing,Dress Shirt,2,103.47,206.94,CUST-10113,Gift Card,UK,FALSE,0
ORD-10222,2024-03-18 06:26:32,Electronics,Tablet Ultra,10,461.05,4610.5,CUST-10189,Credit Card,USA,FALSE,0
ORD-10223,2024-12-27 13:35:20,Electronics,Smartphone X,8,267.47,2139.76,CUST-10081,Credit Card,USA,FALSE,0
ORD-10224,2024-08-23 10:34:22,Electronics,Smartphone X,5,308.93,1544.65,CUST-10050,Credit Card,France,FALSE,0
ORD-10225,2024-05-22 07:19:49,Electronics,USB-C Cable,4,348.21,1392.84,CUST-10126,Credit Card,USA,FALSE,0
ORD-10226,2024-06-27 23:17:18,Toys,LEGO Set,10,341.53,3415.3,CUST-10098,Credit Card,USA,FALSE,0
ORD-10227,2024-07-21 04:18:02,Toys,Action Figure,2,179.71,359.42,CUST-10114,Debit Card,France,FALSE,0
ORD-10228,2024-09-02 21:17:59,Electronics,Bluetooth Speaker,5,77.25,386.25,CUST-10158,Credit Card,UK,FALSE,0
ORD-10229,2024-05-02 21:14:40,Toys,Board Game,1,59.09,59.09,CUST-10085,Credit Card,Canada,FALSE,0
ORD-10230,2024-02-21 04:00:35,Electronics,Wireless Mouse,7,329.91,2309.37,CUST-10122,PayPal,USA,FALSE,0
ORD-10231,2024-04-12 09:20:18,Electronics,Smartphone X,1,454.88,454.88,CUST-10023,Credit Card,Canada,FALSE,0
ORD-10232,2024-04-28 23:54:59,Electronics,Laptop Pro 15,3,214.75,644.25,CUST-10046,Credit Card,UK,FALSE,0
ORD-10233,2024-01-19 12:50:31,Electronics,Wireless Mouse,5,439.59,2197.95,CUST-10003,Credit Card,USA,TRUE,43
ORD-10234,2024-02-24 10:18:29,Clothing,Dress Shirt,9,266.91,2402.19,CUST-10035,Credit Card,USA,FALSE,0
ORD-10235,2024-08-27 11:21:10,Electronics,Smartphone X,8,327.65,2621.2,CUST-10184,Credit Card,USA,TRUE,26
ORD-10236,2024-05-31 06:11:39,Toys,Puzzle 1000pc,7,262.48,1837.36,CUST-10023,Credit Card,France,FALSE,0
ORD-10237,2024-02-18 12:30:20,Electronics,Wireless Mouse,1,137.77,137.77,CUST-10061,PayPal,Germany,FALSE,0
ORD-10238,2024-05-16 09:37:46,Clothing,Winter Jacket,1,138.15,138.15,CUST-10093,Credit Card,USA,FALSE,0
ORD-10239,2024-02-01 14:19:10,Electronics,4K Monitor,9,462.31,4160.79,CUST-10181,Debit Card,France,FALSE,0
ORD-10240,2024-12-19 14:23:39,Toys,Board Game,4,479.1,1916.4,CUST-10123,Credit Card,Germany,TRUE,43
ORD-10241,2024-07-10 17:58:30,Toys,Remote Car,4,383.3,1533.2,CUST-10175,Credit Card,USA,FALSE,0
ORD-10242,2024-02-11 16:45:23,Sports,Yoga Mat,10,64.97,649.7,CUST-10141,Credit Card,France,FALSE,0
ORD-10243,2024-04-13 04:10:20,Electronics,Tablet Ultra,9,226.49,2038.41,CUST-10175,PayPal,USA,TRUE,42
ORD-10244,2024-09-07 21:28:51,Electronics,Laptop Pro 15,8,74.64,597.12,CUST-10107,Credit Card,France,FALSE,0
ORD-10245,2024-01-30 21:51:19,Home & Garden,Kitchen Blender,7,134.67,942.69,CUST-10001,Credit Card,USA,FALSE,0
ORD-10246,2024-10-23 19:22:44,Books,Python Programming,9,497.11,4473.99,CUST-10018,Credit Card,France,FALSE,0
ORD-10247,2024-08-29 19:11:49,Clothing,Jeans Slim Fit,7,193.48,1354.36,CUST-10098,Credit Card,USA,FALSE,0
ORD-10248,2024-07-12 21:08:41,Electronics,Tablet Ultra,6,68.12,408.72,CUST-10138,PayPal,Canada,FALSE,0
ORD-10249,2024-03-06 07:53:00,Electronics,Tablet Ultra,1,489.45,489.45,CUST-10119,Debit Card,USA,FALSE,0
ORD-10250,2024-10-05 12:52:14,Clothing,Jeans Slim Fit,8,179.61,1436.88,CUST-10071,Debit Card,UK,TRUE,12
ORD-10251,2024-01-17 13:39:49,Electronics,Laptop Pro 15,4,110.97,443.88,CUST-10026,Debit Card,UK,FALSE,0
ORD-10252,2024-08-16 22:55:03,Electronics,Wireless Mouse,1,207.1,207.1,CUST-10060,Credit Card,Germany,FALSE,0
ORD-10253,2024-01-29 14:14:52,Home & Garden,Coffee Maker,6,292.95,1757.7,CUST-10198,Credit Card,France,FALSE,0
ORD-10254,2024-06-13 12:42:33,Sports,Dumbbells Set,7,157.24,1100.68,CUST-10016,Credit Card,USA,FALSE,0
ORD-10255,2024-10-29 05:40:43,Electronics,4K Monitor,9,252.84,2275.56,CUST-10089,PayPal,USA,FALSE,0
ORD-10256,2024-12-09 21:20:44,Clothing,Running Shoes,7,83.11,581.77,CUST-10097,PayPal,France,TRUE,39
ORD-10257,2024-08-30 13:19:54,Electronics,Smartphone X,3,404.82,1214.46,CUST-10015,Debit Card,USA,FALSE,0
ORD-10258,2024-08-01 04:24:15,Books,Novel Bestseller,4,171.82,687.28,CUST-10021,Credit Card,USA,FALSE,0
ORD-10259,2024-07-08 13:03:17,Sports,Basketball,10,305.42,3054.2,CUST-10019,Credit Card,USA,TRUE,42
ORD-10260,2024-12-09 15:13:55,Sports,Tennis Racket,5,478.93,2394.65,CUST-10004,PayPal,UK,TRUE,17
ORD-10261,2024-03-01 15:58:15,Home & Garden,Coffee Maker,4,204.34,817.36,CUST-10062,Credit Card,USA,FALSE,0
ORD-10262,2024-05-24 21:41:22,Electronics,USB-C Cable,5,186.22,931.1,CUST-10128,Credit Card,Australia,FALSE,0
ORD-10263,2024-08-28 10:58:13,Clothing,Hoodie Classic,6,212.82,1276.92,CUST-10145,Credit Card,USA,FALSE,0
ORD-10264,2024-03-15 21:59:37,Toys,Remote Car,7,154.63,1082.41,CUST-10051,Credit Card,Canada,FALSE,0
ORD-10265,2024-07-13 07:31:35,Clothing,Dress Shirt,6,136.08,816.48,CUST-10126,PayPal,USA,FALSE,0
ORD-10266,2024-11-24 14:10:46,Books,Novel Bestseller,3,78.57,235.71,CUST-10140,Debit Card,Canada,FALSE,0
ORD-10267,2024-10-04 01:33:02,Home & Garden,Kitchen Blender,1,384.52,384.52,CUST-10106,Debit Card,Germany,TRUE,45
ORD-10268,2024-04-28 12:00:13,Electronics,Bluetooth Speaker,8,192.86,1542.88,CUST-10159,Credit Card,UK,FALSE,0
ORD-10269,2024-11-11 21:31:01,Clothing,T-Shirt Cotton,9,280.3,2522.7,CUST-10004,PayPal,Australia,TRUE,22
ORD-10270,2024-10-01 00:32:52,Toys,Puzzle 1000pc,3,62.43,187.29,CUST-10025,Credit Card,USA,FALSE,0
ORD-10271,2024-05-03 21:16:52,Toys,Action Figure,5,399.51,1997.55,CUST-10021,Debit Card,USA,FALSE,0
ORD-10272,2024-07-26 07:44:14,Toys,Action Figure,2,330.32,660.64,CUST-10167,Debit Card,Canada,FALSE,0
ORD-10273,2024-02-17 12:35:30,Clothing,T-Shirt Cotton,1,354.38,354.38,CUST-10022,Credit Card,USA,FALSE,0
ORD-10274,2024-08-10 10:36:54,Electronics,Laptop Pro 15,9,460.37,4143.33,CUST-10059,Debit Card,USA,TRUE,49
ORD-10275,2024-10-17 01:59:04,Electronics,Smartphone X,5,450.65,2253.25,CUST-10145,Credit Card,Canada,FALSE,0
ORD-10276,2024-04-01 10:01:13,Toys,Remote Car,3,378.59,1135.77,CUST-10183,Credit Card,USA,FALSE,0
ORD-10277,2024-02-09 13:36:53,Sports,Basketball,9,172.54,1552.86,CUST-10194,Credit Card,USA,FALSE,0
ORD-10278,2024-12-18 16:47:22,Clothing,T-Shirt Cotton,2,224.16,448.32,CUST-10020,Credit Card,USA,FALSE,0
ORD-10279,2024-11-10 12:49:20,Clothing,T-Shirt Cotton,5,393.93,1969.65,CUST-10116,Credit Card,Australia,FALSE,0
ORD-10280,2024-07-01 12:27:11,Clothing,Dress Shirt,10,333.72,3337.2,CUST-10022,Credit Card,UK,FALSE,0
ORD-10281,2024-05-31 22:04:05,Electronics,USB-C Cable,3,196.19,588.57,CUST-10201,PayPal,USA,FALSE,0
ORD-10282,2024-07-18 11:05:00,Toys,Action Figure,8,186.35,1490.8,CUST-10070,Credit Card,USA,TRUE,10
ORD-10283,2024-04-05 17:35:32,Electronics,4K Monitor,2,22.86,45.72,CUST-10091,Gift Card,Canada,FALSE,0
ORD-10284,2024-11-01 10:55:24,Clothing,T-Shirt Cotton,5,212.76,1063.8,CUST-10200,Credit Card,Germany,TRUE,40
ORD-10285,2024-05-04 05:43:24,Electronics,Wireless Mouse,3,141.76,425.28,CUST-10069,Debit Card,USA,FALSE,0
ORD-10286,2024-02-02 14:26:19,Electronics,4K Monitor,2,186.94,373.88,CUST-10064,Credit Card,USA,FALSE,0
ORD-10287,2024-09-10 06:29:06,Clothing,Jeans Slim Fit,5,13.31,66.55,CUST-10102,Credit Card,Germany,FALSE,0
ORD-10288,2024-11-13 18:28:21,Clothing,Running Shoes,10,76.69,766.9,CUST-10083,Credit Card,USA,FALSE,0
ORD-10289,2024-12-21 18:11:25,Clothing,Hoodie Classic,5,370.08,1850.4,CUST-10163,Credit Card,USA,FALSE,0
ORD-10290,2024-10-21 10:24:17,Electronics,Tablet Ultra,7,188.85,1321.95,CUST-10145,Debit Card,Australia,TRUE,39
ORD-10291,2024-04-02 17:01:46,Clothing,Running Shoes,4,224.83,899.32,CUST-10075,Credit Card,UK,FALSE,0
ORD-10292,2024-02-05 13:43:31,Clothing,Jeans Slim Fit,5,128.58,642.9,CUST-10169,Credit Card,USA,TRUE,32
ORD-10293,2024-07-12 20:37:25,Sports,Resistance Bands,9,462.5,4162.5,CUST-10178,PayPal,USA,FALSE,0
ORD-10294,2024-01-19 11:44:57,Electronics,Tablet Ultra,9,300.96,2708.64,CUST-10022,Credit Card,UK,TRUE,20
ORD-10295,2024-12-02 05:41:39,Electronics,Laptop Pro 15,10,491.96,4919.6,CUST-10174,Credit Card,Germany,FALSE,0
ORD-10296,2024-06-18 13:06:00,Electronics,Laptop Pro 15,5,118.77,593.85,CUST-10192,PayPal,USA,FALSE,0
ORD-10297,2024-10-24 07:28:23,Electronics,4K Monitor,8,388.44,3107.52,CUST-10151,Credit Card,Germany,FALSE,0
ORD-10298,2024-03-18 10:30:06,Books,Novel Bestseller,7,461.06,3227.42,CUST-10022,Debit Card,USA,TRUE,14
ORD-10299,2024-06-27 20:50:13,Home & Garden,Coffee Maker,8,180.66,1445.28,CUST-10025,Credit Card,USA,FALSE,0
ORD-10300,2024-12-22 02:19:02,Books,Python Programming,1,426.09,426.09,CUST-10166,Credit Card,USA,TRUE,15
ORD-10301,2024-05-04 17:10:21,Electronics,Bluetooth Speaker,7,479.64,3357.48,CUST-10060,Credit Card,USA,FALSE,0
ORD-10302,2024-11-18 19:25:01,Clothing,Dress Shirt,10,442.71,4427.1,CUST-10116,Credit Card,France,FALSE,0
ORD-10303,2024-07-18 13:13:17,Books,Python Programming,10,59.85,598.5,CUST-10138,Credit Card,USA,TRUE,25
ORD-10304,2024-04-10 08:42:55,Clothing,Running Shoes,9,483.29,4349.61,CUST-10081,Credit Card,USA,FALSE,0
ORD-10305,2024-11-08 11:22:22,Home & Garden,Vacuum Cleaner,10,94.53,945.3,CUST-10173,Credit Card,Canada,FALSE,0
ORD-10306,2024-06-01 18:05:43,Clothing,Jeans Slim Fit,6,67.74,406.44,CUST-10079,Credit Card,Australia,TRUE,28
ORD-10307,2024-12-21 19:26:38,Sports,Dumbbells Set,10,198.01,1980.1,CUST-10048,Credit Card,France,FALSE,0
ORD-10308,2024-10-02 20:59:11,Clothing,Winter Jacket,3,249.91,749.73,CUST-10036,Debit Card,Germany,TRUE,33
ORD-10309,2024-11-13 18:00:31,Clothing,Jeans Slim Fit,4,409.45,1637.8,CUST-10144,Credit Card,USA,FALSE,0
ORD-10310,2024-09-10 15:26:45,Clothing,Running Shoes,8,91.94,735.52,CUST-10145,PayPal,USA,TRUE,19
ORD-10311,2024-05-29 13:34:18,Electronics,Wireless Mouse,8,287.16,2297.28,CUST-10198,Debit Card,Japan,FALSE,0
ORD-10312,2024-10-08 18:07:17,Clothing,Winter Jacket,6,275.59,1653.54,CUST-10194,Credit Card,USA,TRUE,33
ORD-10313,2024-10-06 19:06:47,Electronics,Tablet Ultra,4,155.87,623.48,CUST-10009,Debit Card,USA,FALSE,0
ORD-10314,2024-06-27 02:28:55,Clothing,T-Shirt Cotton,4,112.83,451.32,CUST-10189,Credit Card,Canada,FALSE,0
ORD-10315,2024-06-28 19:40:27,Home & Garden,Garden Tools Set,10,78.22,782.2,CUST-10053,Debit Card,USA,FALSE,0
ORD-10316,2024-01-31 17:17:38,Electronics,Bluetooth Speaker,3,168.58,505.74,CUST-10181,Credit Card,Australia,TRUE,41
ORD-10317,2024-05-16 16:57:43,Books,Python Programming,3,481.75,1445.25,CUST-10202,Credit Card,UK,FALSE,0
ORD-10318,2024-01-31 20:08:44,Home & Garden,Garden Tools Set,4,81.65,326.6,CUST-10083,Credit Card,Australia,FALSE,0
ORD-10319,2024-12-12 12:36:40,Clothing,Hoodie Classic,7,193.82,1356.74,CUST-10020,Credit Card,Canada,FALSE,0
ORD-10320,2024-02-17 23:17:44,Electronics,USB-C Cable,8,475.61,3804.88,CUST-10084,Credit Card,Germany,FALSE,0
ORD-10321,2024-02-17 14:40:42,Electronics,Smartphone X,6,426.54,2559.24,CUST-10137,PayPal,USA,FALSE,0
ORD-10322,2024-08-07 15:17:20,Clothing,Hoodie Classic,6,278.17,1669.02,CUST-10034,Credit Card,USA,FALSE,0
ORD-10323,2024-09-05 21:48:03,Sports,Yoga Mat,2,316.82,633.64,CUST-10118,Credit Card,Canada,TRUE,15
ORD-10324,2024-08-13 13:12:44,Clothing,Jeans Slim Fit,5,87.89,439.45,CUST-10071,PayPal,Australia,TRUE,28
ORD-10325,2024-05-08 12:03:25,Sports,Tennis Racket,4,220.31,881.24,CUST-10024,Credit Card,USA,FALSE,0
ORD-10326,2024-01-01 11:08:37,Electronics,Wireless Mouse,9,343.18,3088.62,CUST-10003,Credit Card,USA,TRUE,26
ORD-10327,2024-03-02 13:44:08,Clothing,Running Shoes,2,122.17,244.34,CUST-10023,Credit Card,USA,FALSE,0
ORD-10328,2024-02-22 18:56:19,Sports,Dumbbells Set,7,388.99,2722.93,CUST-10193,Credit Card,USA,FALSE,0
ORD-10329,2024-11-24 04:04:33,Sports,Resistance Bands,1,309.05,309.05,CUST-10043,Credit Card,UK,FALSE,0
ORD-10330,2024-04-19 04:58:26,Clothing,Winter Jacket,8,431.37,3450.96,CUST-10023,Credit Card,France,FALSE,0
ORD-10331,2024-03-12 18:46:24,Sports,Tennis Racket,7,164.1,1148.7,CUST-10036,PayPal,USA,TRUE,46
ORD-10332,2024-02-13 14:49:44,Clothing,T-Shirt Cotton,5,110.66,553.3,CUST-10156,Credit Card,USA,FALSE,0
ORD-10333,2024-07-19 10:50:57,Toys,Board Game,8,199.07,1592.56,CUST-10062,Credit Card,Japan,FALSE,0
ORD-10334,2024-10-31 10:23:59,Clothing,Hoodie Classic,3,199.54,598.62,CUST-10146,Credit Card,Canada,FALSE,0
ORD-10335,2024-10-06 15:49:04,Books,Python Programming,10,43.08,430.8,CUST-10068,PayPal,France,TRUE,8
ORD-10336,2024-07-22 20:45:32,Home & Garden,Vacuum Cleaner,7,353.88,2477.16,CUST-10022,PayPal,France,FALSE,0
ORD-10337,2024-10-02 08:05:19,Electronics,Laptop Pro 15,9,461.24,4151.16,CUST-10040,Credit Card,USA,FALSE,0
ORD-10338,2024-07-19 20:43:41,Toys,LEGO Set,5,352.34,1761.7,CUST-10187,Debit Card,USA,FALSE,0
ORD-10339,2024-05-02 11:59:27,Sports,Yoga Mat,8,310.02,2480.16,CUST-10015,Debit Card,USA,FALSE,0
ORD-10340,2024-12-02 03:00:45,Clothing,Jeans Slim Fit,1,90.27,90.27,CUST-10089,Debit Card,USA,FALSE,0
ORD-10341,2024-05-12 12:47:49,Home & Garden,LED Lamp,2,387.99,775.98,CUST-10008,Credit Card,Australia,FALSE,0
ORD-10342,2024-08-07 11:16:45,Toys,Remote Car,2,253.1,506.2,CUST-10131,Debit Card,USA,FALSE,0
ORD-10343,2024-09-12 05:23:10,Books,Novel Bestseller,2,448.18,896.36,CUST-10173,Debit Card,USA,FALSE,0
ORD-10344,2024-04-26 00:02:54,Books,Python Programming,4,32.52,130.08,CUST-10094,Credit Card,Canada,FALSE,0
ORD-10345,2024-03-17 10:35:51,Electronics,Smartphone X,7,120,840,CUST-10064,Credit Card,USA,FALSE,0
ORD-10346,2024-06-12 11:36:23,Home & Garden,Kitchen Blender,9,339.92,3059.28,CUST-10014,Credit Card,Germany,TRUE,38
ORD-10347,2024-01-24 02:56:29,Electronics,Tablet Ultra,5,389.02,1945.1,CUST-10080,Credit Card,Canada,FALSE,0
ORD-10348,2024-10-10 11:12:18,Sports,Resistance Bands,5,372.38,1861.9,CUST-10063,Credit Card,UK,FALSE,0
ORD-10349,2024-10-29 06:46:57,Books,Data Science Guide,3,13.12,39.36,CUST-10105,PayPal,USA,TRUE,39
ORD-10350,2024-06-26 22:56:00,Electronics,USB-C Cable,1,381.87,381.87,CUST-10097,Debit Card,USA,FALSE,0
ORD-10351,2024-06-06 21:15:26,Books,Cookbook Deluxe,1,486.54,486.54,CUST-10037,Credit Card,Australia,FALSE,0
ORD-10352,2024-02-17 13:57:54,Sports,Resistance Bands,7,353.4,2473.8,CUST-10096,Gift Card,USA,FALSE,0
ORD-10353,2024-02-13 16:08:40,Sports,Basketball,2,300.02,600.04,CUST-10016,Credit Card,USA,FALSE,0
ORD-10354,2024-03-07 14:54:20,Home & Garden,Vacuum Cleaner,6,165.84,995.04,CUST-10070,Debit Card,Japan,TRUE,17
ORD-10355,2024-03-10 18:06:09,Sports,Yoga Mat,3,230.28,690.84,CUST-10081,Credit Card,USA,FALSE,0
ORD-10356,2024-10-01 13:28:19,Sports,Basketball,5,427.71,2138.55,CUST-10024,Credit Card,USA,TRUE,48
ORD-10357,2024-06-04 22:38:02,Clothing,Jeans Slim Fit,6,82.67,496.02,CUST-10183,Credit Card,USA,TRUE,27
ORD-10358,2024-07-21 21:19:16,Electronics,Tablet Ultra,3,25.22,75.66,CUST-10104,Credit Card,USA,FALSE,0
ORD-10359,2024-10-11 07:06:29,Toys,LEGO Set,3,69.5,208.5,CUST-10016,Credit Card,USA,FALSE,0
ORD-10360,2024-04-23 19:23:43,Home & Garden,Kitchen Blender,10,297.19,2971.9,CUST-10020,Credit Card,Australia,TRUE,9
ORD-10361,2024-04-11 14:51:08,Sports,Yoga Mat,6,70.03,420.18,CUST-10119,Credit Card,USA,TRUE,41
ORD-10362,2024-08-09 12:31:01,Books,Cookbook Deluxe,7,94.67,662.69,CUST-10055,Debit Card,USA,FALSE,0
ORD-10363,2024-05-20 12:02:39,Home & Garden,Coffee Maker,10,130.42,1304.2,CUST-10076,Credit Card,Japan,FALSE,0
ORD-10364,2024-10-08 02:17:24,Electronics,Wireless Mouse,7,107.72,754.04,CUST-10135,Debit Card,UK,TRUE,39
ORD-10365,2024-01-10 22:22:30,Home & Garden,Coffee Maker,8,178.57,1428.56,CUST-10145,Credit Card,USA,FALSE,0
ORD-10366,2024-07-17 10:20:38,Electronics,Wireless Mouse,1,448.91,448.91,CUST-10200,Credit Card,USA,TRUE,35
ORD-10367,2024-09-28 13:10:06,Sports,Dumbbells Set,4,140.59,562.36,CUST-10203,Credit Card,USA,FALSE,0
ORD-10368,2024-01-29 07:36:54,Toys,Puzzle 1000pc,6,468.24,2809.44,CUST-10045,Debit Card,Australia,TRUE,42
ORD-10369,2024-06-11 22:22:58,Toys,Remote Car,1,354.68,354.68,CUST-10091,Credit Card,USA,FALSE,0
ORD-10370,2024-10-15 13:53:51,Sports,Basketball,9,161.43,1452.87,CUST-10126,PayPal,USA,TRUE,8
ORD-10371,2024-04-29 00:33:30,Books,Python Programming,6,459.76,2758.56,CUST-10052,Credit Card,USA,FALSE,0
ORD-10372,2024-06-23 10:03:01,Clothing,Jeans Slim Fit,10,355.29,3552.9,CUST-10037,Credit Card,Canada,FALSE,0
ORD-10373,2024-09-26 02:23:45,Electronics,Smartphone X,7,297.14,2079.98,CUST-10087,Debit Card,USA,FALSE,0
ORD-10374,2024-03-10 23:27:50,Electronics,Smartphone X,8,328.09,2624.72,CUST-10045,Debit Card,Japan,FALSE,0
ORD-10375,2024-10-14 19:50:22,Books,Data Science Guide,10,409.07,4090.7,CUST-10097,Debit Card,UK,FALSE,0
ORD-10376,2024-12-18 12:46:00,Clothing,Dress Shirt,10,201.87,2018.7,CUST-10198,Credit Card,USA,FALSE,0
ORD-10377,2024-01-17 18:58:51,Clothing,Winter Jacket,4,323.42,1293.68,CUST-10027,Credit Card,Germany,FALSE,0
ORD-10378,2024-03-13 11:15:22,Clothing,Hoodie Classic,3,321.72,965.16,CUST-10023,Credit Card,USA,FALSE,0
ORD-10379,2024-12-09 10:28:00,Home & Garden,LED Lamp,4,132.27,529.08,CUST-10018,Credit Card,France,FALSE,0
ORD-10380,2024-02-25 01:24:28,Clothing,Dress Shirt,7,484.85,3393.95,CUST-10106,Credit Card,Canada,FALSE,0
ORD-10381,2024-07-12 19:06:53,Books,Cookbook Deluxe,10,328.97,3289.7,CUST-10176,Credit Card,UK,TRUE,33
ORD-10382,2024-02-07 01:18:01,Clothing,Hoodie Classic,5,476.3,2381.5,CUST-10019,Credit Card,France,FALSE,0
ORD-10383,2024-07-11 11:35:57,Sports,Yoga Mat,6,301.06,1806.36,CUST-10158,PayPal,France,FALSE,0
ORD-10384,2024-12-26 12:38:56,Books,Cookbook Deluxe,3,36.23,108.69,CUST-10085,PayPal,France,TRUE,17
ORD-10385,2024-07-28 23:59:46,Home & Garden,Coffee Maker,5,333.68,1668.4,CUST-10077,PayPal,UK,TRUE,8
ORD-10386,2024-07-20 15:09:03,Sports,Tennis Racket,1,219.52,219.52,CUST-10076,Credit Card,France,FALSE,0
ORD-10387,2024-11-16 06:06:01,Books,Data Science Guide,3,322.7,968.1,CUST-10021,Credit Card,France,FALSE,0
ORD-10388,2024-02-29 19:30:31,Electronics,Smartphone X,5,54.65,273.25,CUST-10140,Credit Card,Germany,FALSE,0
ORD-10389,2024-07-08 11:11:28,Electronics,Laptop Pro 15,5,225.46,1127.3,CUST-10068,Debit Card,France,TRUE,22
ORD-10390,2024-10-15 11:05:42,Clothing,Hoodie Classic,9,212.84,1915.56,CUST-10194,Credit Card,USA,FALSE,0
ORD-10391,2024-10-10 19:52:33,Home & Garden,Vacuum Cleaner,9,346.65,3119.85,CUST-10122,Gift Card,UK,FALSE,0
ORD-10392,2024-04-30 02:25:57,Electronics,Tablet Ultra,1,256.02,256.02,CUST-10133,PayPal,Canada,FALSE,0
ORD-10393,2024-12-12 04:07:48,Sports,Basketball,3,475.03,1425.09,CUST-10043,Credit Card,Germany,FALSE,0
ORD-10394,2024-04-08 19:05:43,Clothing,Running Shoes,4,498.65,1994.6,CUST-10161,Gift Card,USA,TRUE,43
ORD-10395,2024-05-12 11:05:24,Home & Garden,Coffee Maker,7,280.5,1963.5,CUST-10071,Debit Card,USA,FALSE,0
ORD-10396,2024-01-07 19:37:33,Toys,Puzzle 1000pc,2,213.07,426.14,CUST-10038,PayPal,USA,FALSE,0
ORD-10397,2024-10-25 03:59:06,Electronics,Bluetooth Speaker,2,395.01,790.02,CUST-10138,PayPal,USA,FALSE,0
ORD-10398,2024-07-29 20:36:38,Clothing,Running Shoes,1,94.37,94.37,CUST-10104,Credit Card,UK,TRUE,43
ORD-10399,2024-12-14 01:25:56,Electronics,USB-C Cable,4,34.14,136.56,CUST-10122,Debit Card,Japan,FALSE,0
ORD-10400,2024-07-09 14:19:17,Toys,Puzzle 1000pc,2,486.51,973.02,CUST-10059,PayPal,USA,TRUE,33
ORD-10401,2024-06-13 19:38:41,Sports,Yoga Mat,4,226.43,905.72,CUST-10105,Credit Card,USA,FALSE,0
ORD-10402,2024-09-21 01:32:50,Electronics,Wireless Mouse,2,162.44,324.88,CUST-10130,Credit Card,Germany,FALSE,0
ORD-10403,2024-09-25 00:11:12,Home & Garden,Garden Tools Set,1,132.24,132.24,CUST-10117,Credit Card,USA,TRUE,28
ORD-10404,2024-12-26 18:52:29,Toys,Remote Car,7,321.34,2249.38,CUST-10032,Credit Card,USA,FALSE,0
ORD-10405,2024-05-03 20:11:55,Electronics,4K Monitor,10,280.14,2801.4,CUST-10089,PayPal,UK,TRUE,21
ORD-10406,2024-12-18 10:24:03,Electronics,Wireless Mouse,10,392.11,3921.1,CUST-10055,Credit Card,UK,FALSE,0
ORD-10407,2024-11-27 13:17:41,Home & Garden,Vacuum Cleaner,9,19.82,178.38,CUST-10200,Credit Card,Japan,FALSE,0
ORD-10408,2024-12-15 12:41:11,Electronics,Bluetooth Speaker,1,119.64,119.64,CUST-10156,Credit Card,Australia,FALSE,0
ORD-10409,2024-06-05 22:41:17,Clothing,Running Shoes,7,427.27,2990.89,CUST-10118,PayPal,USA,TRUE,34
ORD-10410,2024-06-03 19:25:37,Electronics,Laptop Pro 15,1,260.63,260.63,CUST-10170,Gift Card,USA,FALSE,0
ORD-10411,2024-07-10 19:38:18,Books,Novel Bestseller,2,246.04,492.08,CUST-10087,Credit Card,USA,FALSE,0
ORD-10412,2024-11-23 14:16:41,Electronics,Smartphone X,5,102.29,511.45,CUST-10133,PayPal,USA,FALSE,0
ORD-10413,2024-01-30 19:25:42,Books,Novel Bestseller,3,363.42,1090.26,CUST-10168,Credit Card,Japan,FALSE,0
ORD-10414,2024-05-31 19:25:24,Electronics,Smartphone X,1,295.67,295.67,CUST-10147,Debit Card,Germany,FALSE,0
ORD-10415,2024-06-24 07:43:34,Sports,Basketball,6,258.57,1551.42,CUST-10044,Debit Card,Germany,FALSE,0
ORD-10416,2024-10-12 11:30:08,Home & Garden,LED Lamp,9,383.82,3454.38,CUST-10047,Credit Card,USA,FALSE,0
ORD-10417,2024-06-20 07:22:14,Toys,Action Figure,7,396.15,2773.05,CUST-10085,PayPal,Germany,FALSE,0
ORD-10418,2024-10-26 11:30:03,Clothing,Dress Shirt,10,294.34,2943.4,CUST-10159,Credit Card,USA,TRUE,17
ORD-10419,2024-09-13 19:33:19,Home & Garden,Vacuum Cleaner,1,436.71,436.71,CUST-10039,Credit Card,USA,TRUE,17
ORD-10420,2024-06-24 18:57:58,Clothing,Running Shoes,3,165.02,495.06,CUST-10184,Credit Card,Canada,TRUE,10
ORD-10421,2024-09-06 12:20:40,Electronics,Laptop Pro 15,1,231.5,231.5,CUST-10054,PayPal,USA,FALSE,0
ORD-10422,2024-03-27 05:31:50,Clothing,T-Shirt Cotton,3,311.09,933.27,CUST-10163,Credit Card,USA,FALSE,0
ORD-10423,2024-08-07 12:00:02,Clothing,Winter Jacket,4,368.01,1472.04,CUST-10004,Credit Card,UK,FALSE,0
ORD-10424,2024-09-28 10:40:46,Electronics,Wireless Mouse,4,349.82,1399.28,CUST-10089,PayPal,France,FALSE,0
ORD-10425,2024-02-22 14:10:04,Sports,Yoga Mat,5,474.74,2373.7,CUST-10117,Credit Card,USA,FALSE,0
ORD-10426,2024-11-01 13:56:43,Electronics,Wireless Mouse,6,498.1,2988.6,CUST-10126,Credit Card,Japan,FALSE,0
ORD-10427,2024-04-06 19:01:14,Electronics,Wireless Mouse,3,113.47,340.41,CUST-10006,Credit Card,UK,FALSE,0
ORD-10428,2024-03-27 10:24:56,Sports,Tennis Racket,9,315.33,2837.97,CUST-10153,Credit Card,USA,FALSE,0
ORD-10429,2024-12-04 10:03:44,Electronics,Laptop Pro 15,7,227.7,1593.9,CUST-10032,Credit Card,USA,FALSE,0
ORD-10430,2024-08-30 06:44:43,Clothing,Dress Shirt,1,157.54,157.54,CUST-10170,Credit Card,USA,TRUE,38
ORD-10431,2024-05-18 22:08:26,Clothing,T-Shirt Cotton,9,362.19,3259.71,CUST-10031,Credit Card,Canada,TRUE,11
ORD-10432,2024-09-11 13:49:16,Home & Garden,Coffee Maker,4,185.37,741.48,CUST-10105,Debit Card,USA,TRUE,7
ORD-10433,2024-10-07 06:44:59,Electronics,4K Monitor,6,124.9,749.4,CUST-10004,Credit Card,UK,FALSE,0
ORD-10434,2024-02-26 21:31:09,Sports,Yoga Mat,9,46.76,420.84,CUST-10186,Credit Card,Australia,TRUE,21
ORD-10435,2024-11-25 14:16:29,Electronics,Laptop Pro 15,2,408.45,816.9,CUST-10011,Credit Card,Germany,FALSE,0
ORD-10436,2024-07-03 10:27:47,Books,Python Programming,2,427.1,854.2,CUST-10012,PayPal,France,TRUE,13
ORD-10437,2024-12-05 10:22:57,Electronics,4K Monitor,10,141.46,1414.6,CUST-10188,Debit Card,USA,TRUE,26
ORD-10438,2024-04-03 19:29:17,Books,Cookbook Deluxe,8,401.94,3215.52,CUST-10167,Credit Card,France,FALSE,0
ORD-10439,2024-03-26 10:54:10,Clothing,T-Shirt Cotton,7,456.49,3195.43,CUST-10124,PayPal,Canada,FALSE,0
ORD-10440,2024-12-13 19:24:49,Sports,Tennis Racket,10,24.11,241.1,CUST-10176,Credit Card,USA,FALSE,0
ORD-10441,2024-03-07 15:07:56,Electronics,4K Monitor,8,32.52,260.16,CUST-10067,Credit Card,France,FALSE,0
ORD-10442,2024-01-07 21:33:49,Electronics,Smartphone X,10,364.64,3646.4,CUST-10058,Gift Card,USA,FALSE,0
ORD-10443,2024-12-08 16:33:44,Electronics,Smartphone X,10,56.66,566.6,CUST-10170,PayPal,UK,FALSE,0
ORD-10444,2024-09-03 19:09:53,Clothing,Winter Jacket,10,36.73,367.3,CUST-10165,Credit Card,Germany,FALSE,0
ORD-10445,2024-09-15 15:55:10,Electronics,Laptop Pro 15,8,167.1,1336.8,CUST-10085,Gift Card,Japan,FALSE,0
ORD-10446,2024-01-26 17:41:24,Home & Garden,Vacuum Cleaner,4,48.62,194.48,CUST-10114,Credit Card,UK,FALSE,0
ORD-10447,2024-08-17 20:28:20,Electronics,Laptop Pro 15,8,375.16,3001.28,CUST-10005,Credit Card,USA,TRUE,31
ORD-10448,2024-01-19 00:52:05,Clothing,Winter Jacket,10,322.38,3223.8,CUST-10131,Debit Card,Germany,FALSE,0
ORD-10449,2024-12-01 10:23:52,Sports,Yoga Mat,4,423.71,1694.84,CUST-10085,Credit Card,USA,FALSE,0
ORD-10450,2024-11-13 22:42:23,Clothing,Dress Shirt,8,65.86,526.88,CUST-10195,Gift Card,USA,FALSE,0
ORD-10451,2024-01-02 14:35:33,Books,Novel Bestseller,2,32.42,64.84,CUST-10043,Credit Card,USA,FALSE,0
ORD-10452,2024-07-28 13:12:07,Sports,Basketball,4,233.94,935.76,CUST-10201,Credit Card,France,TRUE,26
ORD-10453,2024-02-25 01:59:40,Toys,Remote Car,2,388.34,776.68,CUST-10116,Credit Card,USA,FALSE,0
ORD-10454,2024-10-28 04:31:00,Clothing,Winter Jacket,1,281.07,281.07,CUST-10111,Debit Card,USA,FALSE,0
ORD-10455,2024-09-04 05:44:37,Home & Garden,Garden Tools Set,3,60.73,182.19,CUST-10169,PayPal,Germany,FALSE,0
ORD-10456,2024-06-13 12:26:38,Electronics,Smartphone X,4,144.05,576.2,CUST-10088,PayPal,Australia,FALSE,0
ORD-10457,2024-08-19 04:26:38,Electronics,Smartphone X,9,156.46,1408.14,CUST-10180,Credit Card,Japan,FALSE,0
ORD-10458,2024-06-09 17:40:13,Electronics,Wireless Mouse,4,315.83,1263.32,CUST-10075,Debit Card,USA,FALSE,0
ORD-10459,2024-12-10 12:32:34,Electronics,Smartphone X,6,358.06,2148.36,CUST-10195,Debit Card,USA,FALSE,0
ORD-10460,2024-09-02 21:45:26,Clothing,Dress Shirt,9,150.09,1350.81,CUST-10109,Credit Card,Canada,FALSE,0
ORD-10461,2024-09-24 19:09:03,Electronics,Smartphone X,1,107.94,107.94,CUST-10193,Credit Card,Japan,FALSE,0
ORD-10462,2024-05-26 04:53:03,Electronics,Smartphone X,5,109.95,549.75,CUST-10139,PayPal,USA,TRUE,33
ORD-10463,2024-02-22 21:47:35,Sports,Dumbbells Set,9,200.54,1804.86,CUST-10131,Credit Card,Japan,FALSE,0
ORD-10464,2024-12-22 10:59:24,Clothing,Running Shoes,7,478.77,3351.39,CUST-10176,Credit Card,USA,FALSE,0
ORD-10465,2024-10-09 14:12:39,Electronics,Tablet Ultra,8,416.68,3333.44,CUST-10163,Credit Card,USA,FALSE,0
ORD-10466,2024-11-27 21:47:38,Books,Data Science Guide,4,154.14,616.56,CUST-10046,Credit Card,USA,FALSE,0
ORD-10467,2024-02-08 12:47:32,Home & Garden,Kitchen Blender,7,29.9,209.3,CUST-10072,PayPal,USA,FALSE,0
ORD-10468,2024-03-07 14:00:21,Electronics,4K Monitor,3,29.56,88.68,CUST-10083,Credit Card,Germany,FALSE,0
ORD-10469,2024-11-16 21:19:31,Home & Garden,Coffee Maker,9,185.45,1669.05,CUST-10201,Credit Card,France,FALSE,0
ORD-10470,2024-09-26 12:33:04,Books,Data Science Guide,7,276.1,1932.7,CUST-10104,Credit Card,France,TRUE,19
ORD-10471,2024-04-19 10:23:18,Electronics,Wireless Mouse,10,269.93,2699.3,CUST-10144,Credit Card,USA,FALSE,0
ORD-10472,2024-11-28 18:28:15,Electronics,Smartphone X,10,460.11,4601.1,CUST-10063,Credit Card,Australia,FALSE,0
ORD-10473,2024-12-15 12:58:50,Electronics,Laptop Pro 15,7,135.72,950.04,CUST-10186,Credit Card,USA,TRUE,38
ORD-10474,2024-07-10 16:28:31,Toys,LEGO Set,5,450.15,2250.75,CUST-10050,Credit Card,Canada,FALSE,0
ORD-10475,2024-02-12 05:49:34,Electronics,Bluetooth Speaker,1,317.19,317.19,CUST-10054,Credit Card,Japan,FALSE,0
ORD-10476,2024-04-19 13:53:06,Toys,Board Game,9,416.08,3744.72,CUST-10190,Credit Card,Japan,FALSE,0
ORD-10477,2024-11-27 02:47:43,Home & Garden,Garden Tools Set,1,235.01,235.01,CUST-10085,Debit Card,USA,TRUE,9
ORD-10478,2024-01-28 14:35:04,Clothing,Winter Jacket,4,456.37,1825.48,CUST-10105,Credit Card,UK,FALSE,0
ORD-10479,2024-11-18 10:01:24,Electronics,Smartphone X,2,272.06,544.12,CUST-10165,Credit Card,USA,FALSE,0
ORD-10480,2024-02-02 18:02:44,Sports,Yoga Mat,6,464.73,2788.38,CUST-10028,Credit Card,UK,TRUE,48
ORD-10481,2024-06-03 09:48:59,Toys,Puzzle 1000pc,7,203.6,1425.2,CUST-10170,Credit Card,UK,TRUE,15
ORD-10482,2024-09-30 19:50:51,Clothing,Winter Jacket,5,480.46,2402.3,CUST-10037,Debit Card,USA,TRUE,46
ORD-10483,2024-07-10 00:35:55,Home & Garden,Coffee Maker,3,70.38,211.14,CUST-10002,Debit Card,Australia,FALSE,0
ORD-10484,2024-07-20 02:19:13,Home & Garden,LED Lamp,4,212.19,848.76,CUST-10166,Credit Card,UK,FALSE,0
ORD-10485,2024-03-13 13:39:53,Books,Novel Bestseller,4,66.16,264.64,CUST-10172,Credit Card,USA,FALSE,0
ORD-10486,2024-01-28 17:29:41,Toys,Remote Car,2,152.41,304.82,CUST-10018,PayPal,UK,TRUE,17
ORD-10487,2024-10-24 10:22:08,Electronics,Smartphone X,4,59.01,236.04,CUST-10159,PayPal,USA,TRUE,17
ORD-10488,2024-06-11 10:39:42,Home & Garden,LED Lamp,10,84.66,846.6,CUST-10146,Credit Card,UK,FALSE,0
ORD-10489,2024-06-10 05:00:20,Toys,Board Game,4,358.97,1435.88,CUST-10165,Credit Card,Japan,FALSE,0
ORD-10490,2024-07-03 18:56:30,Clothing,Running Shoes,8,185.77,1486.16,CUST-10079,Debit Card,Germany,FALSE,0
ORD-10491,2024-02-25 11:53:17,Clothing,Jeans Slim Fit,9,106.24,956.16,CUST-10188,PayPal,France,FALSE,0
ORD-10492,2024-02-09 00:54:32,Clothing,Dress Shirt,1,408.18,408.18,CUST-10149,Credit Card,UK,FALSE,0
ORD-10493,2024-10-29 10:35:16,Books,Cookbook Deluxe,3,189.24,567.72,CUST-10058,PayPal,Germany,FALSE,0
ORD-10494,2024-10-28 09:08:29,Clothing,Winter Jacket,9,54.36,489.24,CUST-10094,Debit Card,USA,FALSE,0
ORD-10495,2024-12-05 12:48:32,Clothing,Jeans Slim Fit,8,88.01,704.08,CUST-10145,Credit Card,USA,FALSE,0
ORD-10496,2024-12-03 04:47:46,Clothing,Running Shoes,6,29.8,178.8,CUST-10195,Credit Card,UK,FALSE,0
ORD-10497,2024-02-02 13:02:42,Clothing,Jeans Slim Fit,9,454.78,4093.02,CUST-10093,Credit Card,USA,FALSE,0
ORD-10498,2024-08-20 01:41:20,Clothing,T-Shirt Cotton,9,320.44,2883.96,CUST-10071,Credit Card,USA,FALSE,0
ORD-10499,2024-05-14 18:11:24,Home & Garden,Vacuum Cleaner,6,297.95,1787.7,CUST-10020,PayPal,UK,FALSE,0
ORD-10500,2024-07-11 07:33:25,Clothing,Hoodie Classic,6,248.55,1491.3,CUST-10124,Credit Card,France,FALSE,0
ORD-10501,2024-01-04 04:28:10,Clothing,Jeans Slim Fit,2,262.12,524.24,CUST-10072,Credit Card,USA,TRUE,16
ORD-10502,2024-03-21 11:42:14,Electronics,4K Monitor,6,362.92,2177.52,CUST-10124,Credit Card,USA,FALSE,0
ORD-10503,2024-09-02 12:41:53,Clothing,Running Shoes,1,129.39,129.39,CUST-10033,Credit Card,UK,FALSE,0
ORD-10504,2024-03-23 21:02:57,Sports,Resistance Bands,3,37.39,112.17,CUST-10067,Debit Card,Germany,FALSE,0
ORD-10505,2024-09-21 19:36:40,Toys,LEGO Set,5,474.14,2370.7,CUST-10056,Credit Card,USA,FALSE,0
ORD-10506,2024-08-29 05:14:53,Electronics,4K Monitor,10,79.92,799.2,CUST-10150,PayPal,France,FALSE,0
ORD-10507,2024-04-03 16:16:10,Electronics,Smartphone X,6,461.94,2771.64,CUST-10153,Debit Card,USA,FALSE,0
ORD-10508,2024-04-27 12:06:01,Toys,Board Game,9,431.19,3880.71,CUST-10130,Credit Card,USA,FALSE,0
ORD-10509,2024-03-17 05:30:57,Clothing,Winter Jacket,10,29.12,291.2,CUST-10201,Credit Card,USA,FALSE,0
ORD-10510,2024-03-01 12:57:38,Electronics,Bluetooth Speaker,1,449.5,449.5,CUST-10199,Debit Card,Canada,FALSE,0
ORD-10511,2024-08-08 11:55:02,Electronics,Smartphone X,9,220.18,1981.62,CUST-10124,PayPal,Germany,FALSE,0
ORD-10512,2024-07-14 11:27:08,Electronics,USB-C Cable,8,385.26,3082.08,CUST-10022,Credit Card,USA,TRUE,39
ORD-10513,2024-07-28 10:45:47,Electronics,Tablet Ultra,1,293.2,293.2,CUST-10031,PayPal,USA,FALSE,0
ORD-10514,2024-07-11 22:51:20,Clothing,Running Shoes,6,62.22,373.32,CUST-10110,PayPal,USA,FALSE,0
ORD-10515,2024-05-09 21:27:36,Clothing,Hoodie Classic,10,145.01,1450.1,CUST-10175,Credit Card,Japan,FALSE,0
ORD-10516,2024-04-14 17:30:11,Clothing,Hoodie Classic,9,281.9,2537.1,CUST-10065,Debit Card,Canada,FALSE,0
ORD-10517,2024-10-22 19:47:08,Electronics,Tablet Ultra,2,376.42,752.84,CUST-10115,PayPal,Japan,FALSE,0
ORD-10518,2024-03-23 21:25:50,Home & Garden,LED Lamp,9,310.86,2797.74,CUST-10176,Debit Card,France,FALSE,0
ORD-10519,2024-03-23 10:51:05,Electronics,Tablet Ultra,3,241.11,723.33,CUST-10154,Credit Card,UK,FALSE,0
ORD-10520,2024-02-02 18:05:38,Clothing,T-Shirt Cotton,7,466.03,3262.21,CUST-10103,Debit Card,Australia,FALSE,0
ORD-10521,2024-09-23 10:49:52,Clothing,Jeans Slim Fit,8,225.09,1800.72,CUST-10052,Credit Card,Germany,FALSE,0
ORD-10522,2024-09-22 10:50:38,Electronics,Bluetooth Speaker,9,352.23,3170.07,CUST-10158,Debit Card,USA,TRUE,7
ORD-10523,2024-07-03 10:10:05,Home & Garden,LED Lamp,7,183.02,1281.14,CUST-10102,Credit Card,UK,FALSE,0
ORD-10524,2024-04-12 23:45:04,Clothing,T-Shirt Cotton,9,149.39,1344.51,CUST-10144,Credit Card,USA,FALSE,0
ORD-10525,2024-06-27 14:14:38,Sports,Dumbbells Set,8,465.55,3724.4,CUST-10148,Debit Card,USA,TRUE,16
ORD-10526,2024-07-27 17:04:32,Electronics,USB-C Cable,6,474.03,2844.18,CUST-10132,Credit Card,UK,FALSE,0
ORD-10527,2024-10-02 18:16:44,Home & Garden,Vacuum Cleaner,7,285.94,2001.58,CUST-10198,Credit Card,USA,TRUE,26
ORD-10528,2024-08-22 18:55:01,Clothing,Running Shoes,2,136.32,272.64,CUST-10098,Credit Card,USA,FALSE,0
ORD-10529,2024-04-22 07:51:20,Toys,Puzzle 1000pc,6,263.08,1578.48,CUST-10003,Credit Card,UK,FALSE,0
ORD-10530,2024-05-14 11:25:43,Clothing,Dress Shirt,6,47.24,283.44,CUST-10046,Credit Card,Germany,FALSE,0
ORD-10531,2024-06-30 14:11:47,Home & Garden,Garden Tools Set,8,371.18,2969.44,CUST-10061,Gift Card,USA,FALSE,0
ORD-10532,2024-05-15 13:53:15,Electronics,Tablet Ultra,10,184.44,1844.4,CUST-10200,PayPal,Canada,TRUE,10
ORD-10533,2024-12-12 15:39:00,Electronics,Tablet Ultra,9,479.41,4314.69,CUST-10124,Credit Card,USA,FALSE,0
ORD-10534,2024-06-10 18:55:17,Books,Cookbook Deluxe,3,492.34,1477.02,CUST-10131,Credit Card,USA,TRUE,19
ORD-10535,2024-10-22 21:51:27,Electronics,4K Monitor,9,25.95,233.55,CUST-10089,Credit Card,USA,FALSE,0
ORD-10536,2024-12-17 14:07:44,Clothing,Winter Jacket,8,164.66,1317.28,CUST-10003,Credit Card,France,TRUE,18
ORD-10537,2024-07-13 10:23:39,Electronics,Tablet Ultra,5,101.69,508.45,CUST-10068,Credit Card,France,TRUE,35
ORD-10538,2024-11-09 12:31:27,Home & Garden,Garden Tools Set,7,353.34,2473.38,CUST-10096,Credit Card,USA,FALSE,0
ORD-10539,2024-07-24 12:36:08,Electronics,Bluetooth Speaker,4,408.94,1635.76,CUST-10185,PayPal,Japan,TRUE,20
ORD-10540,2024-10-11 12:12:09,Home & Garden,Garden Tools Set,8,404.77,3238.16,CUST-10046,Credit Card,Germany,FALSE,0
ORD-10541,2024-03-09 20:33:34,Clothing,Dress Shirt,6,394.8,2368.8,CUST-10077,Credit Card,Canada,TRUE,41
ORD-10542,2024-01-25 12:03:13,Toys,Action Figure,8,421.09,3368.72,CUST-10025,Credit Card,UK,FALSE,0
ORD-10543,2024-06-20 18:35:35,Electronics,Tablet Ultra,5,178.62,893.1,CUST-10106,Credit Card,USA,TRUE,48
ORD-10544,2024-11-06 21:11:49,Clothing,Hoodie Classic,6,169.28,1015.68,CUST-10131,PayPal,USA,FALSE,0
ORD-10545,2024-08-16 12:39:18,Home & Garden,Vacuum Cleaner,3,435.44,1306.32,CUST-10164,PayPal,Australia,FALSE,0
ORD-10546,2024-06-21 19:36:25,Electronics,Tablet Ultra,2,48.75,97.5,CUST-10088,Credit Card,USA,TRUE,25
ORD-10547,2024-11-30 14:38:41,Toys,Puzzle 1000pc,5,444.96,2224.8,CUST-10200,Debit Card,Canada,FALSE,0
ORD-10548,2024-07-04 16:28:26,Books,Data Science Guide,3,428.55,1285.65,CUST-10033,Credit Card,UK,FALSE,0
ORD-10549,2024-12-04 11:13:10,Electronics,4K Monitor,2,56.81,113.62,CUST-10122,PayPal,USA,FALSE,0
ORD-10550,2024-01-14 16:48:05,Books,Python Programming,5,312.86,1564.3,CUST-10022,PayPal,Germany,FALSE,0
ORD-10551,2024-07-18 13:47:18,Electronics,4K Monitor,3,74.32,222.96,CUST-10044,Credit Card,USA,TRUE,47
ORD-10552,2024-07-01 10:55:30,Clothing,Running Shoes,9,468.07,4212.63,CUST-10141,Credit Card,Australia,FALSE,0
ORD-10553,2024-12-23 18:38:29,Clothing,Dress Shirt,10,223.13,2231.3,CUST-10164,Credit Card,USA,FALSE,0
ORD-10554,2024-06-07 15:34:14,Clothing,T-Shirt Cotton,8,160.85,1286.8,CUST-10106,PayPal,Canada,TRUE,24
ORD-10555,2024-01-06 12:22:18,Toys,Puzzle 1000pc,9,14.07,126.63,CUST-10126,Credit Card,Japan,FALSE,0
ORD-10556,2024-09-01 19:51:18,Books,Data Science Guide,1,278.61,278.61,CUST-10049,Credit Card,Australia,FALSE,0
ORD-10557,2024-10-14 07:10:45,Electronics,Smartphone X,7,415.92,2911.44,CUST-10057,Debit Card,USA,TRUE,32